<?xml version="1.0" encoding="UTF-8"?>
<xmi:XMI xmi:version="2.0" xmlns:xmi="http://www.omg.org/XMI" xmlns:TalendProperties="http://www.talend.org/properties">
  <TalendProperties:Property xmi:id="_KU-EsHvOEe2E48Em1Bbx3Q" id="_KU1h0HvOEe2E48Em1Bbx3Q" label="examen_recuperato" version="0.1" statusCode="" item="_KVBvEHvOEe2E48Em1Bbx3Q" displayName="examen_recuperato">
    <author href="../talend.project#_F5vDoHrKEe2N7ZXBYjzZHg"/>
    <additionalProperties xmi:id="_KVEyYHvOEe2E48Em1Bbx3Q" key="created_product_fullname" value="Talend Open Studio for Data Integration"/>
    <additionalProperties xmi:id="_KVEyYXvOEe2E48Em1Bbx3Q" key="created_product_version" value="8.0.1.20211109_1610"/>
    <additionalProperties xmi:id="_KVEyYnvOEe2E48Em1Bbx3Q" key="created_date" value="2022-12-14T12:41:30.502-0400"/>
    <additionalProperties xmi:id="_KVEyY3vOEe2E48Em1Bbx3Q" key="modified_product_fullname" value="Talend Open Studio for Data Integration"/>
    <additionalProperties xmi:id="_KVEyZHvOEe2E48Em1Bbx3Q" key="modified_product_version" value="8.0.1.20211109_1610"/>
    <additionalProperties xmi:id="_KVEyZXvOEe2E48Em1Bbx3Q" key="modified_date" value="2022-12-14T15:22:53.716-0400"/>
  </TalendProperties:Property>
  <TalendProperties:ItemState xmi:id="_KU-EsXvOEe2E48Em1Bbx3Q" path=""/>
  <TalendProperties:ProcessItem xmi:id="_KVBvEHvOEe2E48Em1Bbx3Q" property="_KU-EsHvOEe2E48Em1Bbx3Q" state="_KU-EsXvOEe2E48Em1Bbx3Q">
    <process href="examen_recuperato_0.1.item#/"/>
  </TalendProperties:ProcessItem>
</xmi:XMI>
