<?xml version="1.0" encoding="UTF-8"?>
<xmi:XMI xmi:version="2.0" xmlns:xmi="http://www.omg.org/XMI" xmlns:TalendProperties="http://www.talend.org/properties">
  <TalendProperties:Property xmi:id="_buDYYHkFEe2nwcFWL4xzbQ" id="_Q4vbsHkFEe2nwcFWL4xzbQ" label="mysql" version="0.1" statusCode="" item="_buDYYnkFEe2nwcFWL4xzbQ" displayName="mysql">
    <author href="../../talend.project#_F5vDoHrKEe2N7ZXBYjzZHg"/>
    <additionalProperties xmi:id="_buF0oHkFEe2nwcFWL4xzbQ" key="created_product_fullname" value="Talend Open Studio for Data Integration"/>
    <additionalProperties xmi:id="_buF0oXkFEe2nwcFWL4xzbQ" key="created_product_version" value="8.0.1.20211109_1610"/>
    <additionalProperties xmi:id="_buF0onkFEe2nwcFWL4xzbQ" key="created_date" value="2022-12-10T23:39:36.041-0400"/>
    <additionalProperties xmi:id="_buF0o3kFEe2nwcFWL4xzbQ" key="modified_product_fullname" value="Talend Open Studio for Data Integration"/>
    <additionalProperties xmi:id="_buF0pHkFEe2nwcFWL4xzbQ" key="modified_product_version" value="8.0.1.20211109_1610"/>
    <additionalProperties xmi:id="_buF0pXkFEe2nwcFWL4xzbQ" key="modified_date" value="2022-12-14T13:11:23.758-0400"/>
  </TalendProperties:Property>
  <TalendProperties:ItemState xmi:id="_Jx45kHrNEe2EWoOuakdlEw" path=""/>
  <TalendProperties:DatabaseConnectionItem xmi:id="_buDYYnkFEe2nwcFWL4xzbQ" property="_buDYYHkFEe2nwcFWL4xzbQ" state="_Jx45kHrNEe2EWoOuakdlEw" typeName="MySQL">
    <connection href="mysql_0.1.item#_buCKQHkFEe2nwcFWL4xzbQ"/>
  </TalendProperties:DatabaseConnectionItem>
</xmi:XMI>
