<?xml version="1.0" encoding="UTF-8"?>
<xmi:XMI xmi:version="2.0" xmlns:xmi="http://www.omg.org/XMI" xmlns:TalendProperties="http://www.talend.org/properties">
  <TalendProperties:Property xmi:id="_oWl963vREe2E48Em1Bbx3Q" id="_oWl94HvREe2E48Em1Bbx3Q" label="book_" version="0.1" statusCode="" item="_oWl97XvREe2E48Em1Bbx3Q" displayName="book_">
    <author href="../../talend.project#_F5vDoHrKEe2N7ZXBYjzZHg"/>
    <additionalProperties xmi:id="_oWvu4HvREe2E48Em1Bbx3Q" key="created_product_fullname" value="Talend Open Studio for Data Integration"/>
    <additionalProperties xmi:id="_oWvu4XvREe2E48Em1Bbx3Q" key="created_product_version" value="8.0.1.20211109_1610"/>
    <additionalProperties xmi:id="_oWvu4nvREe2E48Em1Bbx3Q" key="created_date" value="2022-12-14T13:06:20.494-0400"/>
    <additionalProperties xmi:id="_oWvu43vREe2E48Em1Bbx3Q" key="modified_product_fullname" value="Talend Open Studio for Data Integration"/>
    <additionalProperties xmi:id="_oWvu5HvREe2E48Em1Bbx3Q" key="modified_product_version" value="8.0.1.20211109_1610"/>
    <additionalProperties xmi:id="_oWvu5XvREe2E48Em1Bbx3Q" key="modified_date" value="2022-12-14T15:20:32.613-0400"/>
  </TalendProperties:Property>
  <TalendProperties:ItemState xmi:id="_oWl97HvREe2E48Em1Bbx3Q" path=""/>
  <TalendProperties:XmlFileConnectionItem xmi:id="_oWl97XvREe2E48Em1Bbx3Q" property="_oWl963vREe2E48Em1Bbx3Q" state="_oWl97HvREe2E48Em1Bbx3Q">
    <connection href="book__0.1.item#_oWl94XvREe2E48Em1Bbx3Q"/>
  </TalendProperties:XmlFileConnectionItem>
</xmi:XMI>
