<?xml version="1.0" encoding="UTF-8"?>
<xmi:XMI xmi:version="2.0" xmlns:xmi="http://www.omg.org/XMI" xmlns:TalendProperties="http://www.talend.org/properties">
  <TalendProperties:Property xmi:id="_fcwPYHvREe2E48Em1Bbx3Q" id="_fca4MHvREe2E48Em1Bbx3Q" label="empleado_" version="0.1" statusCode="" item="_fcwPYnvREe2E48Em1Bbx3Q" displayName="empleado_">
    <author href="../../talend.project#_F5vDoHrKEe2N7ZXBYjzZHg"/>
    <additionalProperties xmi:id="_fcwPY3vREe2E48Em1Bbx3Q" key="created_product_fullname" value="Talend Open Studio for Data Integration"/>
    <additionalProperties xmi:id="_fcwPZHvREe2E48Em1Bbx3Q" key="created_product_version" value="8.0.1.20211109_1610"/>
    <additionalProperties xmi:id="_fcwPZXvREe2E48Em1Bbx3Q" key="created_date" value="2022-12-14T13:05:20.726-0400"/>
    <additionalProperties xmi:id="_fcwPZnvREe2E48Em1Bbx3Q" key="modified_product_fullname" value="Talend Open Studio for Data Integration"/>
    <additionalProperties xmi:id="_fcwPZ3vREe2E48Em1Bbx3Q" key="modified_product_version" value="8.0.1.20211109_1610"/>
    <additionalProperties xmi:id="_fcwPaHvREe2E48Em1Bbx3Q" key="modified_date" value="2022-12-14T13:07:09.226-0400"/>
  </TalendProperties:Property>
  <TalendProperties:ItemState xmi:id="_fcwPYXvREe2E48Em1Bbx3Q" path=""/>
  <TalendProperties:XmlFileConnectionItem xmi:id="_fcwPYnvREe2E48Em1Bbx3Q" property="_fcwPYHvREe2E48Em1Bbx3Q" state="_fcwPYXvREe2E48Em1Bbx3Q">
    <connection href="empleado__0.1.item#_fcmeYHvREe2E48Em1Bbx3Q"/>
  </TalendProperties:XmlFileConnectionItem>
</xmi:XMI>
